{
  "mcpServers": {
    "intelligence-hub": {
      "command": "node",
      "args": [
        "/home/129337.cloudwaysapps.com/hdgwrzntwa/public_html/mcp/mcp-server-wrapper.js"
      ],
      "env": {
        "MCP_SERVER_URL": "https://gpt.ecigdis.co.nz/mcp/server_v3.php",
        "MCP_API_KEY": "31ce0106609a6c5bc4f7ece0deb2f764df90a06167bda83468883516302a6a35",
        "PROJECT_ID": "2",
        "BUSINESS_UNIT_ID": "2",
        "PROJECT_NAME": "IntelligenceHub",
        "WORKSPACE_ROOT": "/home/129337.cloudwaysapps.com/hdgwrzntwa/public_html",
        "ENABLE_CONVERSATION_CONTEXT": "true",
        "AUTO_RETRIEVE_CONTEXT": "true",
        "CONTEXT_LIMIT": "10",
        "NODE_TLS_REJECT_UNAUTHORIZED": "0"
      }
    }
  }
}
